,날짜,위치,업종,매출
0,0,0,0,0
1,20190501,서울특별시,eatery,301146685
2,20190601,서울특별시,eatery,285623660
3,20190701,서울특별시,eatery,282519055
4,20190801,서울특별시,eatery,273205240
5,20190901,서울특별시,eatery,266996030
6,20191001,서울특별시,eatery,285623660
7,20191101,서울특별시,eatery,276309845
8,20191201,서울특별시,eatery,310460500
9,20200101,서울특별시,eatery,263891425
10,20200201,서울특별시,eatery,229740770
11,20200301,서울특별시,eatery,204903930
12,20200401,서울특별시,eatery,208008535
13,20200501,서울특별시,eatery,242159190
14,20190501,경기도,eatery,217322350
15,20190601,경기도,eatery,208008535
16,20190701,경기도,eatery,208008535
17,20190801,경기도,eatery,211113140
18,20190901,경기도,eatery,198694720
19,20191001,경기도,eatery,208008535
20,20191101,경기도,eatery,195590115
21,20191201,경기도,eatery,214217745
22,20200101,경기도,eatery,201799325
23,20200201,경기도,eatery,173857880
24,20200301,경기도,eatery,170753275
25,20200401,경기도,eatery,183171695
26,20200501,경기도,eatery,195590115
27,20190501,부산광역시,eatery,96242755
28,20190601,부산광역시,eatery,90033545
29,20190701,부산광역시,eatery,90033545
30,20190801,부산광역시,eatery,93138150
31,20190901,부산광역시,eatery,86928940
32,20191001,부산광역시,eatery,90033545
33,20191101,부산광역시,eatery,86928940
34,20191201,부산광역시,eatery,99347360
35,20200101,부산광역시,eatery,86928940
36,20200201,부산광역시,eatery,68301310
37,20200301,부산광역시,eatery,55882890
38,20200401,부산광역시,eatery,65196705
39,20200501,부산광역시,eatery,86928940
40,20190501,경상남도,eatery,62092100
41,20190601,경상남도,eatery,58987495
42,20190701,경상남도,eatery,58987495
43,20190801,경상남도,eatery,62092100
44,20190901,경상남도,eatery,55882890
45,20191001,경상남도,eatery,55882890
46,20191101,경상남도,eatery,55882890
47,20191201,경상남도,eatery,68301310
48,20200101,경상남도,eatery,58987495
49,20200201,경상남도,eatery,46569075
50,20200301,경상남도,eatery,46569075
51,20200401,경상남도,eatery,49673680
52,20200501,경상남도,eatery,62092100
53,20190501,인천광역시,eatery,46569075
54,20190601,인천광역시,eatery,43464470
55,20190701,인천광역시,eatery,40359865
56,20190801,인천광역시,eatery,40359865
57,20190901,인천광역시,eatery,40359865
58,20191001,인천광역시,eatery,40359865
59,20191101,인천광역시,eatery,40359865
60,20191201,인천광역시,eatery,43464470
61,20200101,인천광역시,eatery,40359865
62,20200201,인천광역시,eatery,34150655
63,20200301,인천광역시,eatery,31046050
64,20200401,인천광역시,eatery,31046050
65,20200501,인천광역시,eatery,37255260
66,20190501,대구광역시,eatery,40359865
67,20190601,대구광역시,eatery,37255260
68,20190701,대구광역시,eatery,37255260
69,20190801,대구광역시,eatery,37255260
70,20190901,대구광역시,eatery,37255260
71,20191001,대구광역시,eatery,37255260
72,20191101,대구광역시,eatery,37255260
73,20191201,대구광역시,eatery,40359865
74,20200101,대구광역시,eatery,37255260
75,20200201,대구광역시,eatery,27941445
76,20200301,대구광역시,eatery,18627630
77,20200401,대구광역시,eatery,24836840
78,20200501,대구광역시,eatery,31046050
79,20190501,경상북도,eatery,40359865
80,20190601,경상북도,eatery,37255260
81,20190701,경상북도,eatery,37255260
82,20190801,경상북도,eatery,40359865
83,20190901,경상북도,eatery,34150655
84,20191001,경상북도,eatery,37255260
85,20191101,경상북도,eatery,34150655
86,20191201,경상북도,eatery,37255260
87,20200101,경상북도,eatery,31046050
88,20200201,경상북도,eatery,24836840
89,20200301,경상북도,eatery,18627630
90,20200401,경상북도,eatery,24836840
91,20200501,경상북도,eatery,34150655
92,20190501,강원도,eatery,29862976
93,20190601,강원도,eatery,27826864
94,20190701,강원도,eatery,28505568
95,20190801,강원도,eatery,33935200
96,20190901,강원도,eatery,26808808
97,20191001,강원도,eatery,28166216
98,20191101,강원도,eatery,26130104
99,20191201,강원도,eatery,29184272
100,20200101,강원도,eatery,26808808
101,20200201,강원도,eatery,21039824
102,20200301,강원도,eatery,19682416
103,20200401,강원도,eatery,21718528
104,20200501,강원도,eatery,26469456
105,20190501,충청남도,eatery,30541680
106,20190601,충청남도,eatery,28505568
107,20190701,충청남도,eatery,27148160
108,20190801,충청남도,eatery,28844920
109,20190901,충청남도,eatery,27826864
110,20191001,충청남도,eatery,28844920
111,20191101,충청남도,eatery,26808808
112,20191201,충청남도,eatery,28844920
113,20200101,충청남도,eatery,25451400
114,20200201,충청남도,eatery,22057880
115,20200301,충청남도,eatery,20361120
116,20200401,충청남도,eatery,23415288
117,20200501,충청남도,eatery,27148160
118,20190501,전라남도,eatery,22397232
119,20190601,전라남도,eatery,21039824
120,20190701,전라남도,eatery,21379176
121,20190801,전라남도,eatery,23754640
122,20190901,전라남도,eatery,19682416
123,20191001,전라남도,eatery,20700472
124,20191101,전라남도,eatery,20361120
125,20191201,전라남도,eatery,21718528
126,20200101,전라남도,eatery,20021768
127,20200201,전라남도,eatery,17306952
128,20200301,전라남도,eatery,17306952
129,20200401,전라남도,eatery,17985656
130,20200501,전라남도,eatery,21718528
131,20190501,대전광역시,eatery,22736584
132,20190601,대전광역시,eatery,21379176
133,20190701,대전광역시,eatery,21039824
134,20190801,대전광역시,eatery,20700472
135,20190901,대전광역시,eatery,19682416
136,20191001,대전광역시,eatery,20361120
137,20191101,대전광역시,eatery,20021768
138,20191201,대전광역시,eatery,21039824
139,20200101,대전광역시,eatery,18664360
140,20200201,대전광역시,eatery,16288896
141,20200301,대전광역시,eatery,14592136
142,20200401,대전광역시,eatery,15949544
143,20200501,대전광역시,eatery,18325008
144,20190501,울산광역시,eatery,19682416
145,20190601,울산광역시,eatery,17985656
146,20190701,울산광역시,eatery,17985656
147,20190801,울산광역시,eatery,18325008
148,20190901,울산광역시,eatery,17306952
149,20191001,울산광역시,eatery,17985656
150,20191101,울산광역시,eatery,17646304
151,20191201,울산광역시,eatery,19343064
152,20200101,울산광역시,eatery,16967600
153,20200201,울산광역시,eatery,14592136
154,20200301,울산광역시,eatery,11537968
155,20200401,울산광역시,eatery,14252784
156,20200501,울산광역시,eatery,17306952
157,20190501,충청북도,eatery,18664360
158,20190601,충청북도,eatery,17646304
159,20190701,충청북도,eatery,17306952
160,20190801,충청북도,eatery,17646304
161,20190901,충청북도,eatery,17306952
162,20191001,충청북도,eatery,17646304
163,20191101,충청북도,eatery,16967600
164,20191201,충청북도,eatery,18325008
165,20200101,충청북도,eatery,15949544
166,20200201,충청북도,eatery,13913432
167,20200301,충청북도,eatery,12895376
168,20200401,충청북도,eatery,14592136
169,20200501,충청북도,eatery,16288896
170,20190501,전라북도,eatery,18325008
171,20190601,전라북도,eatery,16288896
172,20190701,전라북도,eatery,15949544
173,20190801,전라북도,eatery,17646304
174,20190901,전라북도,eatery,16628248
175,20191001,전라북도,eatery,16967600
176,20191101,전라북도,eatery,17306952
177,20191201,전라북도,eatery,17646304
178,20200101,전라북도,eatery,15949544
179,20200201,전라북도,eatery,13234728
180,20200301,전라북도,eatery,13234728
181,20200401,전라북도,eatery,14252784
182,20200501,전라북도,eatery,16288896
183,20190501,제주특별자치도,eatery,15949544
184,20190601,제주특별자치도,eatery,15270840
185,20190701,제주특별자치도,eatery,15270840
186,20190801,제주특별자치도,eatery,16628248
187,20190901,제주특별자치도,eatery,14252784
188,20191001,제주특별자치도,eatery,15270840
189,20191101,제주특별자치도,eatery,14931488
190,20191201,제주특별자치도,eatery,15610192
191,20200101,제주특별자치도,eatery,14931488
192,20200201,제주특별자치도,eatery,11537968
193,20200301,제주특별자치도,eatery,11198616
194,20200401,제주특별자치도,eatery,11537968
195,20200501,제주특별자치도,eatery,13913432
196,20190501,광주광역시,eatery,15610192
197,20190601,광주광역시,eatery,15270840
198,20190701,광주광역시,eatery,14931488
199,20190801,광주광역시,eatery,15610192
200,20190901,광주광역시,eatery,14931488
201,20191001,광주광역시,eatery,14592136
202,20191101,광주광역시,eatery,14252784
203,20191201,광주광역시,eatery,15949544
204,20200101,광주광역시,eatery,14252784
205,20200201,광주광역시,eatery,11877320
206,20200301,광주광역시,eatery,11877320
207,20200401,광주광역시,eatery,12556024
208,20200501,광주광역시,eatery,13913432
209,20190501,서울특별시,fbeauty,220998200
210,20190601,서울특별시,fbeauty,198898380
211,20190701,서울특별시,fbeauty,181218524
212,20190801,서울특별시,fbeauty,187848470
213,20190901,서울특별시,fbeauty,187848470
214,20191001,서울특별시,fbeauty,196688398
215,20191101,서울특별시,fbeauty,187848470
216,20191201,서울특별시,fbeauty,185638488
217,20200101,서울특별시,fbeauty,152488758
218,20200201,서울특별시,fbeauty,137018884
219,20200301,서울특별시,fbeauty,119339028
220,20200401,서울특별시,fbeauty,134808902
221,20200501,서울특별시,fbeauty,179008542
222,20190501,경기도,fbeauty,148068794
223,20190601,경기도,fbeauty,130388938
224,20190701,경기도,fbeauty,117129046
225,20190801,경기도,fbeauty,108289118
226,20190901,경기도,fbeauty,119339028
227,20191001,경기도,fbeauty,134808902
228,20191101,경기도,fbeauty,121549010
229,20191201,경기도,fbeauty,119339028
230,20200101,경기도,fbeauty,112709082
231,20200201,경기도,fbeauty,90609262
232,20200301,경기도,fbeauty,88399280
233,20200401,경기도,fbeauty,130388938
234,20200501,경기도,fbeauty,161328686
235,20190501,부산광역시,fbeauty,46409622
236,20190601,부산광역시,fbeauty,37569694
237,20190701,부산광역시,fbeauty,35359712
238,20190801,부산광역시,fbeauty,30939748
239,20190901,부산광역시,fbeauty,33149730
240,20191001,부산광역시,fbeauty,35359712
241,20191101,부산광역시,fbeauty,35359712
242,20191201,부산광역시,fbeauty,33149730
243,20200101,부산광역시,fbeauty,28729766
244,20200201,부산광역시,fbeauty,24309802
245,20200301,부산광역시,fbeauty,19889838
246,20200401,부산광역시,fbeauty,26519784
247,20200501,부산광역시,fbeauty,44199640
248,20190501,대구광역시,fbeauty,41989658
249,20190601,대구광역시,fbeauty,33149730
250,20190701,대구광역시,fbeauty,39779676
251,20190801,대구광역시,fbeauty,24309802
252,20190901,대구광역시,fbeauty,28729766
253,20191001,대구광역시,fbeauty,30939748
254,20191101,대구광역시,fbeauty,30939748
255,20191201,대구광역시,fbeauty,28729766
256,20200101,대구광역시,fbeauty,24309802
257,20200201,대구광역시,fbeauty,17679856
258,20200301,대구광역시,fbeauty,11049910
259,20200401,대구광역시,fbeauty,19889838
260,20200501,대구광역시,fbeauty,35359712
261,20190501,인천광역시,fbeauty,37569694
262,20190601,인천광역시,fbeauty,28729766
263,20190701,인천광역시,fbeauty,26519784
264,20190801,인천광역시,fbeauty,24309802
265,20190901,인천광역시,fbeauty,24309802
266,20191001,인천광역시,fbeauty,33149730
267,20191101,인천광역시,fbeauty,28729766
268,20191201,인천광역시,fbeauty,33149730
269,20200101,인천광역시,fbeauty,24309802
270,20200201,인천광역시,fbeauty,19889838
271,20200301,인천광역시,fbeauty,15469874
272,20200401,인천광역시,fbeauty,22099820
273,20200501,인천광역시,fbeauty,28729766
274,20190501,경상남도,fbeauty,28729766
275,20190601,경상남도,fbeauty,24309802
276,20190701,경상남도,fbeauty,22099820
277,20190801,경상남도,fbeauty,19889838
278,20190901,경상남도,fbeauty,22099820
279,20191001,경상남도,fbeauty,24309802
280,20191101,경상남도,fbeauty,24309802
281,20191201,경상남도,fbeauty,22099820
282,20200101,경상남도,fbeauty,22099820
283,20200201,경상남도,fbeauty,15469874
284,20200301,경상남도,fbeauty,15469874
285,20200401,경상남도,fbeauty,22099820
286,20200501,경상남도,fbeauty,30939748
287,20190501,경상북도,fbeauty,22099820
288,20190601,경상북도,fbeauty,15469874
289,20190701,경상북도,fbeauty,15469874
290,20190801,경상북도,fbeauty,13259892
291,20190901,경상북도,fbeauty,15469874
292,20191001,경상북도,fbeauty,15469874
293,20191101,경상북도,fbeauty,15469874
294,20191201,경상북도,fbeauty,13259892
295,20200101,경상북도,fbeauty,13259892
296,20200201,경상북도,fbeauty,8839928
297,20200301,경상북도,fbeauty,6629946
298,20200401,경상북도,fbeauty,15469874
299,20200501,경상북도,fbeauty,22099820
300,20190501,충청남도,fbeauty,29326374
301,20190601,충청남도,fbeauty,22216950
302,20190701,충청남도,fbeauty,21328272
303,20190801,충청남도,fbeauty,19550916
304,20190901,충청남도,fbeauty,24586758
305,20191001,충청남도,fbeauty,22809402
306,20191101,충청남도,fbeauty,26956566
307,20191201,충청남도,fbeauty,24290532
308,20200101,충청남도,fbeauty,19254690
309,20200201,충청남도,fbeauty,15699978
310,20200301,충청남도,fbeauty,13626396
311,20200401,충청남도,fbeauty,20735820
312,20200501,충청남도,fbeauty,29622600
313,20190501,대전광역시,fbeauty,20439594
314,20190601,대전광역시,fbeauty,15107526
315,20190701,대전광역시,fbeauty,14811300
316,20190801,대전광역시,fbeauty,14218848
317,20190901,대전광역시,fbeauty,15403752
318,20191001,대전광역시,fbeauty,19254690
319,20191101,대전광역시,fbeauty,17181108
320,20191201,대전광역시,fbeauty,16588656
321,20200101,대전광역시,fbeauty,13922622
322,20200201,대전광역시,fbeauty,10071684
323,20200301,대전광역시,fbeauty,9183006
324,20200401,대전광역시,fbeauty,13033944
325,20200501,대전광역시,fbeauty,18662238
326,20190501,강원도,fbeauty,20439594
327,20190601,강원도,fbeauty,15107526
328,20190701,강원도,fbeauty,14218848
329,20190801,강원도,fbeauty,13033944
330,20190901,강원도,fbeauty,14218848
331,20191001,강원도,fbeauty,16588656
332,20191101,강원도,fbeauty,14811300
333,20191201,강원도,fbeauty,11849040
334,20200101,강원도,fbeauty,10960362
335,20200201,강원도,fbeauty,9479232
336,20200301,강원도,fbeauty,8590554
337,20200401,강원도,fbeauty,14811300
338,20200501,강원도,fbeauty,15107526
339,20190501,충청북도,fbeauty,17477334
340,20190601,충청북도,fbeauty,13330170
341,20190701,충청북도,fbeauty,13330170
342,20190801,충청북도,fbeauty,11256588
343,20190901,충청북도,fbeauty,15403752
344,20191001,충청북도,fbeauty,15403752
345,20191101,충청북도,fbeauty,13922622
346,20191201,충청북도,fbeauty,12737718
347,20200101,충청북도,fbeauty,12737718
348,20200201,충청북도,fbeauty,8886780
349,20200301,충청북도,fbeauty,8590554
350,20200401,충청북도,fbeauty,15996204
351,20200501,충청북도,fbeauty,19847142
352,20190501,전라북도,fbeauty,12737718
353,20190601,전라북도,fbeauty,9775458
354,20190701,전라북도,fbeauty,9479232
355,20190801,전라북도,fbeauty,8590554
356,20190901,전라북도,fbeauty,9775458
357,20191001,전라북도,fbeauty,10664136
358,20191101,전라북도,fbeauty,10071684
359,20191201,전라북도,fbeauty,9775458
360,20200101,전라북도,fbeauty,7998102
361,20200201,전라북도,fbeauty,5924520
362,20200301,전라북도,fbeauty,6813198
363,20200401,전라북도,fbeauty,10071684
364,20200501,전라북도,fbeauty,11849040
365,20190501,광주광역시,fbeauty,12145266
366,20190601,광주광역시,fbeauty,9479232
367,20190701,광주광역시,fbeauty,9479232
368,20190801,광주광역시,fbeauty,8294328
369,20190901,광주광역시,fbeauty,9183006
370,20191001,광주광역시,fbeauty,10071684
371,20191101,광주광역시,fbeauty,9775458
372,20191201,광주광역시,fbeauty,9479232
373,20200101,광주광역시,fbeauty,7701876
374,20200201,광주광역시,fbeauty,6516972
375,20200301,광주광역시,fbeauty,6813198
376,20200401,광주광역시,fbeauty,10367910
377,20200501,광주광역시,fbeauty,12145266
378,20190501,울산광역시,fbeauty,8590554
379,20190601,울산광역시,fbeauty,6813198
380,20190701,울산광역시,fbeauty,7109424
381,20190801,울산광역시,fbeauty,6220746
382,20190901,울산광역시,fbeauty,7701876
383,20191001,울산광역시,fbeauty,7405650
384,20191101,울산광역시,fbeauty,7109424
385,20191201,울산광역시,fbeauty,6516972
386,20200101,울산광역시,fbeauty,6220746
387,20200201,울산광역시,fbeauty,5332068
388,20200301,울산광역시,fbeauty,4147164
389,20200401,울산광역시,fbeauty,6516972
390,20200501,울산광역시,fbeauty,8886780
391,20190501,전라남도,fbeauty,8886780
392,20190601,전라남도,fbeauty,6813198
393,20190701,전라남도,fbeauty,6516972
394,20190801,전라남도,fbeauty,5332068
395,20190901,전라남도,fbeauty,6220746
396,20191001,전라남도,fbeauty,6516972
397,20191101,전라남도,fbeauty,6516972
398,20191201,전라남도,fbeauty,6516972
399,20200101,전라남도,fbeauty,5332068
400,20200201,전라남도,fbeauty,4739616
401,20200301,전라남도,fbeauty,5035842
402,20200401,전라남도,fbeauty,7405650
403,20200501,전라남도,fbeauty,8590554
404,20190501,제주특별자치도,fbeauty,8590554
405,20190601,제주특별자치도,fbeauty,5924520
406,20190701,제주특별자치도,fbeauty,5332068
407,20190801,제주특별자치도,fbeauty,5035842
408,20190901,제주특별자치도,fbeauty,5332068
409,20191001,제주특별자치도,fbeauty,6516972
410,20191101,제주특별자치도,fbeauty,5924520
411,20191201,제주특별자치도,fbeauty,5628294
412,20200101,제주특별자치도,fbeauty,5035842
413,20200201,제주특별자치도,fbeauty,3554712
414,20200301,제주특별자치도,fbeauty,3850938
415,20200401,제주특별자치도,fbeauty,6220746
416,20200501,제주특별자치도,fbeauty,7109424
417,20190501,서울특별시,hobbyenter,290220000
418,20190601,서울특별시,hobbyenter,246687000
419,20190701,서울특별시,hobbyenter,261198000
420,20190801,서울특별시,hobbyenter,255393600
421,20190901,서울특별시,hobbyenter,232176000
422,20191001,서울특별시,hobbyenter,240882600
423,20191101,서울특별시,hobbyenter,240882600
424,20191201,서울특별시,hobbyenter,240882600
425,20200101,서울특별시,hobbyenter,214762800
426,20200201,서울특별시,hobbyenter,179936400
427,20200301,서울특별시,hobbyenter,148012200
428,20200401,서울특별시,hobbyenter,162523200
429,20200501,서울특별시,hobbyenter,188643000
430,20190501,경기도,hobbyenter,217665000
431,20190601,경기도,hobbyenter,194447400
432,20190701,경기도,hobbyenter,185740800
433,20190801,경기도,hobbyenter,188643000
434,20190901,경기도,hobbyenter,179936400
435,20191001,경기도,hobbyenter,191545200
436,20191101,경기도,hobbyenter,171229800
437,20191201,경기도,hobbyenter,182838600
438,20200101,경기도,hobbyenter,177034200
439,20200201,경기도,hobbyenter,150914400
440,20200301,경기도,hobbyenter,162523200
441,20200401,경기도,hobbyenter,171229800
442,20200501,경기도,hobbyenter,197349600
443,20190501,부산광역시,hobbyenter,58044000
444,20190601,부산광역시,hobbyenter,58044000
445,20190701,부산광역시,hobbyenter,60946200
446,20190801,부산광역시,hobbyenter,69652800
447,20190901,부산광역시,hobbyenter,52239600
448,20191001,부산광역시,hobbyenter,52239600
449,20191101,부산광역시,hobbyenter,49337400
450,20191201,부산광역시,hobbyenter,55141800
451,20200101,부산광역시,hobbyenter,52239600
452,20200201,부산광역시,hobbyenter,40630800
453,20200301,부산광역시,hobbyenter,34826400
454,20200401,부산광역시,hobbyenter,37728600
455,20200501,부산광역시,hobbyenter,52239600
456,20190501,인천광역시,hobbyenter,34826400
457,20190601,인천광역시,hobbyenter,31924200
458,20190701,인천광역시,hobbyenter,29022000
459,20190801,인천광역시,hobbyenter,29022000
460,20190901,인천광역시,hobbyenter,29022000
461,20191001,인천광역시,hobbyenter,29022000
462,20191101,인천광역시,hobbyenter,26119800
463,20191201,인천광역시,hobbyenter,29022000
464,20200101,인천광역시,hobbyenter,29022000
465,20200201,인천광역시,hobbyenter,26119800
466,20200301,인천광역시,hobbyenter,26119800
467,20200401,인천광역시,hobbyenter,26119800
468,20200501,인천광역시,hobbyenter,31924200
469,20190501,경상남도,hobbyenter,29022000
470,20190601,경상남도,hobbyenter,26119800
471,20190701,경상남도,hobbyenter,26119800
472,20190801,경상남도,hobbyenter,29022000
473,20190901,경상남도,hobbyenter,29022000
474,20191001,경상남도,hobbyenter,29022000
475,20191101,경상남도,hobbyenter,26119800
476,20191201,경상남도,hobbyenter,26119800
477,20200101,경상남도,hobbyenter,26119800
478,20200201,경상남도,hobbyenter,26119800
479,20200301,경상남도,hobbyenter,23217600
480,20200401,경상남도,hobbyenter,26119800
481,20200501,경상남도,hobbyenter,31924200
482,20190501,대구광역시,hobbyenter,31924200
483,20190601,대구광역시,hobbyenter,26119800
484,20190701,대구광역시,hobbyenter,26119800
485,20190801,대구광역시,hobbyenter,26119800
486,20190901,대구광역시,hobbyenter,26119800
487,20191001,대구광역시,hobbyenter,26119800
488,20191101,대구광역시,hobbyenter,26119800
489,20191201,대구광역시,hobbyenter,31924200
490,20200101,대구광역시,hobbyenter,26119800
491,20200201,대구광역시,hobbyenter,23217600
492,20200301,대구광역시,hobbyenter,17413200
493,20200401,대구광역시,hobbyenter,20315400
494,20200501,대구광역시,hobbyenter,26119800
495,20190501,경상북도,hobbyenter,23217600
496,20190601,경상북도,hobbyenter,20315400
497,20190701,경상북도,hobbyenter,17413200
498,20190801,경상북도,hobbyenter,20315400
499,20190901,경상북도,hobbyenter,17413200
500,20191001,경상북도,hobbyenter,20315400
501,20191101,경상북도,hobbyenter,17413200
502,20191201,경상북도,hobbyenter,17413200
503,20200101,경상북도,hobbyenter,14511000
504,20200201,경상북도,hobbyenter,14511000
505,20200301,경상북도,hobbyenter,11608800
506,20200401,경상북도,hobbyenter,14511000
507,20200501,경상북도,hobbyenter,20315400
508,20190501,충청남도,hobbyenter,22564080
509,20190601,충청남도,hobbyenter,18490010
510,20190701,충청남도,hobbyenter,18176620
511,20190801,충청남도,hobbyenter,19116790
512,20190901,충청남도,hobbyenter,17236450
513,20191001,충청남도,hobbyenter,20370350
514,20191101,충청남도,hobbyenter,17236450
515,20191201,충청남도,hobbyenter,19116790
516,20200101,충청남도,hobbyenter,17236450
517,20200201,충청남도,hobbyenter,14729330
518,20200301,충청남도,hobbyenter,15356110
519,20200401,충청남도,hobbyenter,16296280
520,20200501,충청남도,hobbyenter,21310520
521,20190501,강원도,hobbyenter,16609670
522,20190601,강원도,hobbyenter,17549840
523,20190701,강원도,hobbyenter,24444420
524,20190801,강원도,hobbyenter,31339000
525,20190901,강원도,hobbyenter,14415940
526,20191001,강원도,hobbyenter,15042720
527,20191101,강원도,hobbyenter,11908820
528,20191201,강원도,hobbyenter,15982890
529,20200101,강원도,hobbyenter,21310520
530,20200201,강원도,hobbyenter,13789160
531,20200301,강원도,hobbyenter,9715090
532,20200401,강원도,hobbyenter,10968650
533,20200501,강원도,hobbyenter,14102550
534,20190501,충청북도,hobbyenter,14415940
535,20190601,충청북도,hobbyenter,14729330
536,20190701,충청북도,hobbyenter,12535600
537,20190801,충청북도,hobbyenter,11908820
538,20190901,충청북도,hobbyenter,11908820
539,20191001,충청북도,hobbyenter,11282040
540,20191101,충청북도,hobbyenter,10968650
541,20191201,충청북도,hobbyenter,11282040
542,20200101,충청북도,hobbyenter,10968650
543,20200201,충청북도,hobbyenter,10028480
544,20200301,충청북도,hobbyenter,12535600
545,20200401,충청북도,hobbyenter,10655260
546,20200501,충청북도,hobbyenter,12222210
547,20190501,대전광역시,hobbyenter,14102550
548,20190601,대전광역시,hobbyenter,12222210
549,20190701,대전광역시,hobbyenter,12535600
550,20190801,대전광역시,hobbyenter,13162380
551,20190901,대전광역시,hobbyenter,11282040
552,20191001,대전광역시,hobbyenter,11282040
553,20191101,대전광역시,hobbyenter,10341870
554,20191201,대전광역시,hobbyenter,12222210
555,20200101,대전광역시,hobbyenter,10655260
556,20200201,대전광역시,hobbyenter,10028480
557,20200301,대전광역시,hobbyenter,10028480
558,20200401,대전광역시,hobbyenter,10341870
559,20200501,대전광역시,hobbyenter,12848990
560,20190501,전라남도,hobbyenter,14729330
561,20190601,전라남도,hobbyenter,11595430
562,20190701,전라남도,hobbyenter,11908820
563,20190801,전라남도,hobbyenter,14729330
564,20190901,전라남도,hobbyenter,10341870
565,20191001,전라남도,hobbyenter,12848990
566,20191101,전라남도,hobbyenter,11282040
567,20191201,전라남도,hobbyenter,11282040
568,20200101,전라남도,hobbyenter,11908820
569,20200201,전라남도,hobbyenter,8461530
570,20200301,전라남도,hobbyenter,8461530
571,20200401,전라남도,hobbyenter,8461530
572,20200501,전라남도,hobbyenter,12222210
573,20190501,전라북도,hobbyenter,13162380
574,20190601,전라북도,hobbyenter,10028480
575,20190701,전라북도,hobbyenter,10341870
576,20190801,전라북도,hobbyenter,10968650
577,20190901,전라북도,hobbyenter,9715090
578,20191001,전라북도,hobbyenter,10968650
579,20191101,전라북도,hobbyenter,10028480
580,20191201,전라북도,hobbyenter,9715090
581,20200101,전라북도,hobbyenter,9715090
582,20200201,전라북도,hobbyenter,8148140
583,20200301,전라북도,hobbyenter,9401700
584,20200401,전라북도,hobbyenter,9088310
585,20200501,전라북도,hobbyenter,11595430
586,20190501,제주특별자치도,hobbyenter,13162380
587,20190601,제주특별자치도,hobbyenter,11908820
588,20190701,제주특별자치도,hobbyenter,11282040
589,20190801,제주특별자치도,hobbyenter,10968650
590,20190901,제주특별자치도,hobbyenter,8774920
591,20191001,제주특별자치도,hobbyenter,12535600
592,20191101,제주특별자치도,hobbyenter,10028480
593,20191201,제주특별자치도,hobbyenter,9401700
594,20200101,제주특별자치도,hobbyenter,10028480
595,20200201,제주특별자치도,hobbyenter,7521360
596,20200301,제주특별자치도,hobbyenter,5327630
597,20200401,제주특별자치도,hobbyenter,6581190
598,20200501,제주특별자치도,hobbyenter,8461530
599,20190501,울산광역시,hobbyenter,10028480
600,20190601,울산광역시,hobbyenter,9715090
601,20190701,울산광역시,hobbyenter,10341870
602,20190801,울산광역시,hobbyenter,9088310
603,20190901,울산광역시,hobbyenter,8774920
604,20191001,울산광역시,hobbyenter,8774920
605,20191101,울산광역시,hobbyenter,8774920
606,20191201,울산광역시,hobbyenter,10028480
607,20200101,울산광역시,hobbyenter,8774920
608,20200201,울산광역시,hobbyenter,8148140
609,20200301,울산광역시,hobbyenter,8148140
610,20200401,울산광역시,hobbyenter,8461530
611,20200501,울산광역시,hobbyenter,9715090
612,20190501,광주광역시,hobbyenter,9715090
613,20190601,광주광역시,hobbyenter,8461530
614,20190701,광주광역시,hobbyenter,8461530
615,20190801,광주광역시,hobbyenter,7834750
616,20190901,광주광역시,hobbyenter,7207970
617,20191001,광주광역시,hobbyenter,7207970
618,20191101,광주광역시,hobbyenter,7521360
619,20191201,광주광역시,hobbyenter,8461530
620,20200101,광주광역시,hobbyenter,7521360
621,20200201,광주광역시,hobbyenter,7207970
622,20200301,광주광역시,hobbyenter,7207970
623,20200401,광주광역시,hobbyenter,7834750
624,20200501,광주광역시,hobbyenter,10028480
625,20190501,서울특별시,leisure,234928700
626,20190601,서울특별시,leisure,230230126
627,20190701,서울특별시,leisure,227880839
628,20190801,서울특별시,leisure,220832978
629,20190901,서울특별시,leisure,197340108
630,20191001,서울특별시,leisure,220832978
631,20191101,서울특별시,leisure,206737256
632,20191201,서울특별시,leisure,202038682
633,20200101,서울특별시,leisure,211435830
634,20200201,서울특별시,leisure,180895099
635,20200301,서울특별시,leisure,148005081
636,20200401,서울특별시,leisure,176196525
637,20200501,서울특별시,leisure,202038682
638,20190501,경기도,leisure,225531552
639,20190601,경기도,leisure,209086543
640,20190701,경기도,leisure,213785117
641,20190801,경기도,leisure,209086543
642,20190901,경기도,leisure,190292247
643,20191001,경기도,leisure,204387969
644,20191101,경기도,leisure,185593673
645,20191201,경기도,leisure,178545812
646,20200101,경기도,leisure,204387969
647,20200201,경기도,leisure,152703655
648,20200301,경기도,leisure,129210785
649,20200401,경기도,leisure,155052942
650,20200501,경기도,leisure,194990821
651,20190501,부산광역시,leisure,44636453
652,20190601,부산광역시,leisure,42287166
653,20190701,부산광역시,leisure,42287166
654,20190801,부산광역시,leisure,37588592
655,20190901,부산광역시,leisure,35239305
656,20191001,부산광역시,leisure,37588592
657,20191101,부산광역시,leisure,37588592
658,20191201,부산광역시,leisure,37588592
659,20200101,부산광역시,leisure,35239305
660,20200201,부산광역시,leisure,28191444
661,20200301,부산광역시,leisure,21143583
662,20200401,부산광역시,leisure,28191444
663,20200501,부산광역시,leisure,39937879
664,20190501,경상남도,leisure,42287166
665,20190601,경상남도,leisure,35239305
666,20190701,경상남도,leisure,35239305
667,20190801,경상남도,leisure,32890018
668,20190901,경상남도,leisure,30540731
669,20191001,경상남도,leisure,35239305
670,20191101,경상남도,leisure,32890018
671,20191201,경상남도,leisure,30540731
672,20200101,경상남도,leisure,28191444
673,20200201,경상남도,leisure,25842157
674,20200301,경상남도,leisure,21143583
675,20200401,경상남도,leisure,28191444
676,20200501,경상남도,leisure,35239305
677,20190501,대구광역시,leisure,42287166
678,20190601,대구광역시,leisure,37588592
679,20190701,대구광역시,leisure,37588592
680,20190801,대구광역시,leisure,37588592
681,20190901,대구광역시,leisure,35239305
682,20191001,대구광역시,leisure,35239305
683,20191101,대구광역시,leisure,32890018
684,20191201,대구광역시,leisure,32890018
685,20200101,대구광역시,leisure,32890018
686,20200201,대구광역시,leisure,23492870
687,20200301,대구광역시,leisure,11746435
688,20200401,대구광역시,leisure,16445009
689,20200501,대구광역시,leisure,28191444
690,20190501,인천광역시,leisure,35239305
691,20190601,인천광역시,leisure,30540731
692,20190701,인천광역시,leisure,25842157
693,20190801,인천광역시,leisure,25842157
694,20190901,인천광역시,leisure,25842157
695,20191001,인천광역시,leisure,28191444
696,20191101,인천광역시,leisure,25842157
697,20191201,인천광역시,leisure,25842157
698,20200101,인천광역시,leisure,25842157
699,20200201,인천광역시,leisure,21143583
700,20200301,인천광역시,leisure,21143583
701,20200401,인천광역시,leisure,23492870
702,20200501,인천광역시,leisure,30540731
703,20190501,경상북도,leisure,32890018
704,20190601,경상북도,leisure,30540731
705,20190701,경상북도,leisure,30540731
706,20190801,경상북도,leisure,28191444
707,20190901,경상북도,leisure,25842157
708,20191001,경상북도,leisure,30540731
709,20191101,경상북도,leisure,28191444
710,20191201,경상북도,leisure,23492870
711,20200101,경상북도,leisure,21143583
712,20200201,경상북도,leisure,16445009
713,20200301,경상북도,leisure,14095722
714,20200401,경상북도,leisure,18794296
715,20200501,경상북도,leisure,28191444
716,20190501,강원도,leisure,29016128
717,20190601,강원도,leisure,27655997
718,20190701,강원도,leisure,28562751
719,20190801,강원도,leisure,35816783
720,20190901,강원도,leisure,23575604
721,20191001,강원도,leisure,27655997
722,20191101,강원도,leisure,23122227
723,20191201,강원도,leisure,34456652
724,20200101,강원도,leisure,45337700
725,20200201,강원도,leisure,27655997
726,20200301,강원도,leisure,14054687
727,20200401,강원도,leisure,17228326
728,20200501,강원도,leisure,26295866
729,20190501,충청남도,leisure,24482358
730,20190601,충청남도,leisure,22215473
731,20190701,충청남도,leisure,20855342
732,20190801,충청남도,leisure,20855342
733,20190901,충청남도,leisure,18588457
734,20191001,충청남도,leisure,19948588
735,20191101,충청남도,leisure,18588457
736,20191201,충청남도,leisure,16321572
737,20200101,충청남도,leisure,15414818
738,20200201,충청남도,leisure,12694556
739,20200301,충청남도,leisure,9520917
740,20200401,충청남도,leisure,12694556
741,20200501,충청남도,leisure,18135080
742,20190501,충청북도,leisure,19041834
743,20190601,충청북도,leisure,17681703
744,20190701,충청북도,leisure,16321572
745,20190801,충청북도,leisure,15414818
746,20190901,충청북도,leisure,15868195
747,20191001,충청북도,leisure,19041834
748,20191101,충청북도,leisure,17228326
749,20191201,충청북도,leisure,11787802
750,20200101,충청북도,leisure,10881048
751,20200201,충청북도,leisure,9520917
752,20200301,충청북도,leisure,10427671
753,20200401,충청북도,leisure,13601310
754,20200501,충청북도,leisure,18135080
755,20190501,전라남도,leisure,14961441
756,20190601,전라남도,leisure,13601310
757,20190701,전라남도,leisure,13147933
758,20190801,전라남도,leisure,13601310
759,20190901,전라남도,leisure,11787802
760,20191001,전라남도,leisure,13601310
761,20191101,전라남도,leisure,12694556
762,20191201,전라남도,leisure,10427671
763,20200101,전라남도,leisure,10881048
764,20200201,전라남도,leisure,8614163
765,20200301,전라남도,leisure,8614163
766,20200401,전라남도,leisure,10881048
767,20200501,전라남도,leisure,13601310
768,20190501,대전광역시,leisure,15414818
769,20190601,대전광역시,leisure,14054687
770,20190701,대전광역시,leisure,13601310
771,20190801,대전광역시,leisure,13601310
772,20190901,대전광역시,leisure,13147933
773,20191001,대전광역시,leisure,13147933
774,20191101,대전광역시,leisure,11787802
775,20191201,대전광역시,leisure,10881048
776,20200101,대전광역시,leisure,12241179
777,20200201,대전광역시,leisure,9067540
778,20200301,대전광역시,leisure,5893901
779,20200401,대전광역시,leisure,7254032
780,20200501,대전광역시,leisure,11334425
781,20190501,전라북도,leisure,12241179
782,20190601,전라북도,leisure,10427671
783,20190701,전라북도,leisure,10427671
784,20190801,전라북도,leisure,10427671
785,20190901,전라북도,leisure,9520917
786,20191001,전라북도,leisure,11334425
787,20191101,전라북도,leisure,10427671
788,20191201,전라북도,leisure,8614163
789,20200101,전라북도,leisure,8614163
790,20200201,전라북도,leisure,7254032
791,20200301,전라북도,leisure,7254032
792,20200401,전라북도,leisure,8614163
793,20200501,전라북도,leisure,10427671
794,20190501,광주광역시,leisure,10881048
795,20190601,광주광역시,leisure,9974294
796,20190701,광주광역시,leisure,9974294
797,20190801,광주광역시,leisure,9520917
798,20190901,광주광역시,leisure,9520917
799,20191001,광주광역시,leisure,9974294
800,20191101,광주광역시,leisure,9520917
801,20191201,광주광역시,leisure,9067540
802,20200101,광주광역시,leisure,9974294
803,20200201,광주광역시,leisure,6800655
804,20200301,광주광역시,leisure,6800655
805,20200401,광주광역시,leisure,8160786
806,20200501,광주광역시,leisure,10881048
807,20190501,울산광역시,leisure,10881048
808,20190601,울산광역시,leisure,9520917
809,20190701,울산광역시,leisure,9974294
810,20190801,울산광역시,leisure,9067540
811,20190901,울산광역시,leisure,9520917
812,20191001,울산광역시,leisure,9974294
813,20191101,울산광역시,leisure,9520917
814,20191201,울산광역시,leisure,9067540
815,20200101,울산광역시,leisure,8614163
816,20200201,울산광역시,leisure,7707409
817,20200301,울산광역시,leisure,5440524
818,20200401,울산광역시,leisure,6347278
819,20200501,울산광역시,leisure,9067540
820,20190501,제주특별자치도,leisure,10427671
821,20190601,제주특별자치도,leisure,9520917
822,20190701,제주특별자치도,leisure,8160786
823,20190801,제주특별자치도,leisure,9067540
824,20190901,제주특별자치도,leisure,7707409
825,20191001,제주특별자치도,leisure,9520917
826,20191101,제주특별자치도,leisure,9520917
827,20191201,제주특별자치도,leisure,8160786
828,20200101,제주특별자치도,leisure,6800655
829,20200201,제주특별자치도,leisure,5440524
830,20200301,제주특별자치도,leisure,5893901
831,20200401,제주특별자치도,leisure,8160786
832,20200501,제주특별자치도,leisure,10427671
833,20190501,서울특별시,living,815287400
834,20190601,서울특별시,living,758217282
835,20190701,서울특별시,living,758217282
836,20190801,서울특별시,living,790828778
837,20190901,서울특별시,living,709300038
838,20191001,서울특별시,living,741911534
839,20191101,서울특별시,living,750064408
840,20191201,서울특별시,living,766370156
841,20200101,서울특별시,living,709300038
842,20200201,서울특별시,living,668535668
843,20200301,서울특별시,living,627771298
844,20200401,서울특별시,living,652229920
845,20200501,서울특별시,living,725605786
846,20190501,경기도,living,587006928
847,20190601,경기도,living,546242558
848,20190701,경기도,living,538089684
849,20190801,경기도,living,554395432
850,20190901,경기도,living,505478188
851,20191001,경기도,living,529936810
852,20191101,경기도,living,529936810
853,20191201,경기도,living,505478188
854,20200101,경기도,living,529936810
855,20200201,경기도,living,472866692
856,20200301,경기도,living,464713818
857,20200401,경기도,living,505478188
858,20200501,경기도,living,562548306
859,20190501,부산광역시,living,163057480
860,20190601,부산광역시,living,146751732
861,20190701,부산광역시,living,146751732
862,20190801,부산광역시,living,154904606
863,20190901,부산광역시,living,138598858
864,20191001,부산광역시,living,146751732
865,20191101,부산광역시,living,146751732
866,20191201,부산광역시,living,146751732
867,20200101,부산광역시,living,138598858
868,20200201,부산광역시,living,130445984
869,20200301,부산광역시,living,114140236
870,20200401,부산광역시,living,130445984
871,20200501,부산광역시,living,163057480
872,20190501,대구광역시,living,114140236
873,20190601,대구광역시,living,105987362
874,20190701,대구광역시,living,105987362
875,20190801,대구광역시,living,114140236
876,20190901,대구광역시,living,97834488
877,20191001,대구광역시,living,105987362
878,20191101,대구광역시,living,105987362
879,20191201,대구광역시,living,105987362
880,20200101,대구광역시,living,105987362
881,20200201,대구광역시,living,89681614
882,20200301,대구광역시,living,73375866
883,20200401,대구광역시,living,89681614
884,20200501,대구광역시,living,105987362
885,20190501,경상남도,living,105987362
886,20190601,경상남도,living,97834488
887,20190701,경상남도,living,97834488
888,20190801,경상남도,living,97834488
889,20190901,경상남도,living,89681614
890,20191001,경상남도,living,97834488
891,20191101,경상남도,living,97834488
892,20191201,경상남도,living,105987362
893,20200101,경상남도,living,105987362
894,20200201,경상남도,living,89681614
895,20200301,경상남도,living,81528740
896,20200401,경상남도,living,89681614
897,20200501,경상남도,living,105987362
898,20190501,인천광역시,living,97834488
899,20190601,인천광역시,living,81528740
900,20190701,인천광역시,living,73375866
901,20190801,인천광역시,living,81528740
902,20190901,인천광역시,living,73375866
903,20191001,인천광역시,living,81528740
904,20191101,인천광역시,living,81528740
905,20191201,인천광역시,living,81528740
906,20200101,인천광역시,living,81528740
907,20200201,인천광역시,living,73375866
908,20200301,인천광역시,living,73375866
909,20200401,인천광역시,living,73375866
910,20200501,인천광역시,living,89681614
911,20190501,경상북도,living,65222992
912,20190601,경상북도,living,57070118
913,20190701,경상북도,living,65222992
914,20190801,경상북도,living,65222992
915,20190901,경상북도,living,57070118
916,20191001,경상북도,living,65222992
917,20191101,경상북도,living,65222992
918,20191201,경상북도,living,65222992
919,20200101,경상북도,living,65222992
920,20200201,경상북도,living,57070118
921,20200301,경상북도,living,48917244
922,20200401,경상북도,living,57070118
923,20200501,경상북도,living,65222992
924,20190501,충청남도,living,70951900
925,20190601,충청남도,living,65985267
926,20190701,충청남도,living,65275748
927,20190801,충청남도,living,66694786
928,20190901,충청남도,living,64566229
929,20191001,충청남도,living,69532862
930,20191101,충청남도,living,68113824
931,20191201,충청남도,living,65985267
932,20200101,충청남도,living,64566229
933,20200201,충청남도,living,58180558
934,20200301,충청남도,living,56052001
935,20200401,충청남도,living,61018634
936,20200501,충청남도,living,70242381
937,20190501,대전광역시,living,63147191
938,20190601,대전광역시,living,60309115
939,20190701,대전광역시,living,60309115
940,20190801,대전광역시,living,65275748
941,20190901,대전광역시,living,56052001
942,20191001,대전광역시,living,61018634
943,20191101,대전광역시,living,60309115
944,20191201,대전광역시,living,60309115
945,20200101,대전광역시,living,60309115
946,20200201,대전광역시,living,48956811
947,20200301,대전광역시,living,42571140
948,20200401,대전광역시,living,46828254
949,20200501,대전광역시,living,55342482
950,20190501,광주광역시,living,45409216
951,20190601,광주광역시,living,42571140
952,20190701,광주광역시,living,46828254
953,20190801,광주광역시,living,52504406
954,20190901,광주광역시,living,48247292
955,20191001,광주광역시,living,48956811
956,20191101,광주광역시,living,48247292
957,20191201,광주광역시,living,46118735
958,20200101,광주광역시,living,46118735
959,20200201,광주광역시,living,41152102
960,20200301,광주광역시,living,41861621
961,20200401,광주광역시,living,42571140
962,20200501,광주광역시,living,46118735
963,20190501,충청북도,living,45409216
964,20190601,충청북도,living,41152102
965,20190701,충청북도,living,42571140
966,20190801,충청북도,living,44699697
967,20190901,충청북도,living,40442583
968,20191001,충청북도,living,43280659
969,20191101,충청북도,living,42571140
970,20191201,충청북도,living,41861621
971,20200101,충청북도,living,41152102
972,20200201,충청북도,living,36894988
973,20200301,충청북도,living,36185469
974,20200401,충청북도,living,38314026
975,20200501,충청북도,living,43990178
976,20190501,전라북도,living,43990178
977,20190601,전라북도,living,41861621
978,20190701,전라북도,living,41152102
979,20190801,전라북도,living,44699697
980,20190901,전라북도,living,40442583
981,20191001,전라북도,living,41861621
982,20191101,전라북도,living,43280659
983,20191201,전라북도,living,41861621
984,20200101,전라북도,living,41861621
985,20200201,전라북도,living,38314026
986,20200301,전라북도,living,36894988
987,20200401,전라북도,living,37604507
988,20200501,전라북도,living,42571140
989,20190501,강원도,living,42571140
990,20190601,강원도,living,39733064
991,20190701,강원도,living,40442583
992,20190801,강원도,living,46118735
993,20190901,강원도,living,38314026
994,20191001,강원도,living,41152102
995,20191101,강원도,living,40442583
996,20191201,강원도,living,39023545
997,20200101,강원도,living,38314026
998,20200201,강원도,living,36185469
999,20200301,강원도,living,35475950
1000,20200401,강원도,living,37604507
1001,20200501,강원도,living,41152102
1002,20190501,전라남도,living,41861621
1003,20190601,전라남도,living,39733064
1004,20190701,전라남도,living,39023545
1005,20190801,전라남도,living,40442583
1006,20190901,전라남도,living,38314026
1007,20191001,전라남도,living,39733064
1008,20191101,전라남도,living,40442583
1009,20191201,전라남도,living,41152102
1010,20200101,전라남도,living,41152102
1011,20200201,전라남도,living,36185469
1012,20200301,전라남도,living,36185469
1013,20200401,전라남도,living,38314026
1014,20200501,전라남도,living,42571140
1015,20190501,울산광역시,living,39023545
1016,20190601,울산광역시,living,36894988
1017,20190701,울산광역시,living,36185469
1018,20190801,울산광역시,living,36185469
1019,20190901,울산광역시,living,35475950
1020,20191001,울산광역시,living,38314026
1021,20191101,울산광역시,living,36894988
1022,20191201,울산광역시,living,37604507
1023,20200101,울산광역시,living,36894988
1024,20200201,울산광역시,living,33347393
1025,20200301,울산광역시,living,28380760
1026,20200401,울산광역시,living,31218836
1027,20200501,울산광역시,living,36894988
1028,20190501,제주특별자치도,living,23414127
1029,20190601,제주특별자치도,living,22704608
1030,20190701,제주특별자치도,living,21995089
1031,20190801,제주특별자치도,living,24833165
1032,20190901,제주특별자치도,living,20576051
1033,20191001,제주특별자치도,living,22704608
1034,20191101,제주특별자치도,living,22704608
1035,20191201,제주특별자치도,living,22704608
1036,20200101,제주특별자치도,living,21995089
1037,20200201,제주특별자치도,living,18447494
1038,20200301,제주특별자치도,living,17028456
1039,20200401,제주특별자치도,living,17737975
1040,20200501,제주특별자치도,living,21285570
1041,20190501,서울특별시,tour,141173312
1042,20190601,서울특별시,tour,123886784
1043,20190701,서울특별시,tour,141173312
1044,20190801,서울특별시,tour,133970592
1045,20190901,서울특별시,tour,118124608
1046,20191001,서울특별시,tour,132530048
1047,20191101,서울특별시,tour,119565152
1048,20191201,서울특별시,tour,144054400
1049,20200101,서울특별시,tour,132530048
1050,20200201,서울특별시,tour,64824480
1051,20200301,서울특별시,tour,40335232
1052,20200401,서울특별시,tour,44656864
1053,20200501,서울특별시,tour,56181216
1054,20190501,경기도,tour,44656864
1055,20190601,경기도,tour,46097408
1056,20190701,경기도,tour,47537952
1057,20190801,경기도,tour,53300128
1058,20190901,경기도,tour,47537952
1059,20191001,경기도,tour,53300128
1060,20191101,경기도,tour,51859584
1061,20191201,경기도,tour,54740672
1062,20200101,경기도,tour,54740672
1063,20200201,경기도,tour,51859584
1064,20200301,경기도,tour,50419040
1065,20200401,경기도,tour,51859584
1066,20200501,경기도,tour,56181216
1067,20190501,부산광역시,tour,21608160
1068,20190601,부산광역시,tour,21608160
1069,20190701,부산광역시,tour,21608160
1070,20190801,부산광역시,tour,25929792
1071,20190901,부산광역시,tour,18727072
1072,20191001,부산광역시,tour,20167616
1073,20191101,부산광역시,tour,18727072
1074,20191201,부산광역시,tour,23048704
1075,20200101,부산광역시,tour,21608160
1076,20200201,부산광역시,tour,14405440
1077,20200301,부산광역시,tour,7202720
1078,20200401,부산광역시,tour,8643264
1079,20200501,부산광역시,tour,12964896
1080,20190501,경상남도,tour,10083808
1081,20190601,경상남도,tour,10083808
1082,20190701,경상남도,tour,11524352
1083,20190801,경상남도,tour,15845984
1084,20190901,경상남도,tour,8643264
1085,20191001,경상남도,tour,10083808
1086,20191101,경상남도,tour,8643264
1087,20191201,경상남도,tour,8643264
1088,20200101,경상남도,tour,10083808
1089,20200201,경상남도,tour,7202720
1090,20200301,경상남도,tour,4321632
1091,20200401,경상남도,tour,4321632
1092,20200501,경상남도,tour,7202720
1093,20190501,경상북도,tour,10083808
1094,20190601,경상북도,tour,8643264
1095,20190701,경상북도,tour,10083808
1096,20190801,경상북도,tour,15845984
1097,20190901,경상북도,tour,7202720
1098,20191001,경상북도,tour,10083808
1099,20191101,경상북도,tour,8643264
1100,20191201,경상북도,tour,8643264
1101,20200101,경상북도,tour,10083808
1102,20200201,경상북도,tour,4321632
1103,20200301,경상북도,tour,1440544
1104,20200401,경상북도,tour,2881088
1105,20200501,경상북도,tour,5762176
1106,20190501,인천광역시,tour,8643264
1107,20190601,인천광역시,tour,8643264
1108,20190701,인천광역시,tour,8643264
1109,20190801,인천광역시,tour,10083808
1110,20190901,인천광역시,tour,7202720
1111,20191001,인천광역시,tour,8643264
1112,20191101,인천광역시,tour,7202720
1113,20191201,인천광역시,tour,8643264
1114,20200101,인천광역시,tour,8643264
1115,20200201,인천광역시,tour,5762176
1116,20200301,인천광역시,tour,4321632
1117,20200401,인천광역시,tour,4321632
1118,20200501,인천광역시,tour,5762176
1119,20190501,대구광역시,tour,7202720
1120,20190601,대구광역시,tour,7202720
1121,20190701,대구광역시,tour,5762176
1122,20190801,대구광역시,tour,5762176
1123,20190901,대구광역시,tour,5762176
1124,20191001,대구광역시,tour,7202720
1125,20191101,대구광역시,tour,7202720
1126,20191201,대구광역시,tour,8643264
1127,20200101,대구광역시,tour,5762176
1128,20200201,대구광역시,tour,4321632
1129,20200301,대구광역시,tour,1440544
1130,20200401,대구광역시,tour,2881088
1131,20200501,대구광역시,tour,4321632
1132,20190501,제주특별자치도,tour,32799536
1133,20190601,제주특별자치도,tour,32799536
1134,20190701,제주특별자치도,tour,40413714
1135,20190801,제주특별자치도,tour,58570600
1136,20190901,제주특별자치도,tour,28113888
1137,20191001,제주특별자치도,tour,35728066
1138,20191101,제주특별자치도,tour,29871006
1139,20191201,제주특별자치도,tour,32799536
1140,20200101,제주특별자치도,tour,31628124
1141,20200201,제주특별자치도,tour,15228356
1142,20200301,제주특별자치도,tour,11714120
1143,20200401,제주특별자치도,tour,13471238
1144,20200501,제주특별자치도,tour,24013946
1145,20190501,강원도,tour,23428240
1146,20190601,강원도,tour,22842534
1147,20190701,강원도,tour,32799536
1148,20190801,강원도,tour,55056364
1149,20190901,강원도,tour,21671122
1150,20191001,강원도,tour,28113888
1151,20191101,강원도,tour,18742592
1152,20191201,강원도,tour,28699594
1153,20200101,강원도,tour,42756538
1154,20200201,강원도,tour,23428240
1155,20200301,강원도,tour,11128414
1156,20200401,강원도,tour,11128414
1157,20200501,강원도,tour,18742592
1158,20190501,전라남도,tour,5857060
1159,20190601,전라남도,tour,6442766
1160,20190701,전라남도,tour,6442766
1161,20190801,전라남도,tour,11714120
1162,20190901,전라남도,tour,6442766
1163,20191001,전라남도,tour,8199884
1164,20191101,전라남도,tour,7028472
1165,20191201,전라남도,tour,6442766
1166,20200101,전라남도,tour,6442766
1167,20200201,전라남도,tour,4099942
1168,20200301,전라남도,tour,3514236
1169,20200401,전라남도,tour,4099942
1170,20200501,전라남도,tour,7614178
1171,20190501,충청남도,tour,7028472
1172,20190601,충청남도,tour,7028472
1173,20190701,충청남도,tour,9371296
1174,20190801,충청남도,tour,14056944
1175,20190901,충청남도,tour,6442766
1176,20191001,충청남도,tour,7028472
1177,20191101,충청남도,tour,5857060
1178,20191201,충청남도,tour,6442766
1179,20200101,충청남도,tour,5857060
1180,20200201,충청남도,tour,3514236
1181,20200301,충청남도,tour,3514236
1182,20200401,충청남도,tour,3514236
1183,20200501,충청남도,tour,5271354
1184,20190501,전라북도,tour,4099942
1185,20190601,전라북도,tour,4099942
1186,20190701,전라북도,tour,4685648
1187,20190801,전라북도,tour,7028472
1188,20190901,전라북도,tour,3514236
1189,20191001,전라북도,tour,4685648
1190,20191101,전라북도,tour,4099942
1191,20191201,전라북도,tour,5857060
1192,20200101,전라북도,tour,8785590
1193,20200201,전라북도,tour,4685648
1194,20200301,전라북도,tour,1757118
1195,20200401,전라북도,tour,1757118
1196,20200501,전라북도,tour,3514236
1197,20190501,충청북도,tour,4685648
1198,20190601,충청북도,tour,4099942
1199,20190701,충청북도,tour,4685648
1200,20190801,충청북도,tour,7028472
1201,20190901,충청북도,tour,3514236
1202,20191001,충청북도,tour,4685648
1203,20191101,충청북도,tour,4099942
1204,20191201,충청북도,tour,4099942
1205,20200101,충청북도,tour,4099942
1206,20200201,충청북도,tour,2342824
1207,20200301,충청북도,tour,1757118
1208,20200401,충청북도,tour,1757118
1209,20200501,충청북도,tour,3514236
1210,20190501,대전광역시,tour,2928530
1211,20190601,대전광역시,tour,2342824
1212,20190701,대전광역시,tour,2342824
1213,20190801,대전광역시,tour,2928530
1214,20190901,대전광역시,tour,2342824
1215,20191001,대전광역시,tour,2928530
1216,20191101,대전광역시,tour,2928530
1217,20191201,대전광역시,tour,2928530
1218,20200101,대전광역시,tour,2342824
1219,20200201,대전광역시,tour,2342824
1220,20200301,대전광역시,tour,1171412
1221,20200401,대전광역시,tour,1757118
1222,20200501,대전광역시,tour,2342824
1223,20190501,울산광역시,tour,2342824
1224,20190601,울산광역시,tour,1757118
1225,20190701,울산광역시,tour,2342824
1226,20190801,울산광역시,tour,2342824
1227,20190901,울산광역시,tour,2342824
1228,20191001,울산광역시,tour,2928530
1229,20191101,울산광역시,tour,1757118
1230,20191201,울산광역시,tour,2342824
1231,20200101,울산광역시,tour,1757118
1232,20200201,울산광역시,tour,1757118
1233,20200301,울산광역시,tour,1171412
1234,20200401,울산광역시,tour,1171412
1235,20200501,울산광역시,tour,1757118
1236,20190501,광주광역시,tour,2342824
1237,20190601,광주광역시,tour,2342824
1238,20190701,광주광역시,tour,2342824
1239,20190801,광주광역시,tour,1757118
1240,20190901,광주광역시,tour,2342824
1241,20191001,광주광역시,tour,2342824
1242,20191101,광주광역시,tour,2342824
1243,20191201,광주광역시,tour,2342824
1244,20200101,광주광역시,tour,1757118
1245,20200201,광주광역시,tour,1757118
1246,20200301,광주광역시,tour,1171412
1247,20200401,광주광역시,tour,1171412
1248,20200501,광주광역시,tour,1757118
